Timestamp,Object,Count
2025-03-03 02:57:31,bottle,1
2025-03-03 02:57:31,bottle,1
2025-03-03 02:57:31,bottle,1
2025-03-03 02:57:31,bottle,1
2025-03-03 02:57:31,bottle,1
2025-03-03 02:57:32,bottle,1
2025-03-03 02:57:32,bottle,1
2025-03-03 02:57:32,bottle,1
2025-03-03 02:57:32,bottle,1
2025-03-03 02:57:33,bottle,1
2025-03-03 02:57:33,bottle,1
2025-03-03 02:57:33,bottle,1
2025-03-03 02:57:33,bottle,1
2025-03-03 02:57:33,bottle,1
2025-03-03 02:57:33,bottle,1
2025-03-03 02:57:33,bottle,1
2025-03-03 02:57:33,bottle,1
2025-03-03 02:57:33,bottle,1
2025-03-03 02:57:33,bottle,1
2025-03-03 02:57:33,bottle,1
2025-03-03 02:57:34,bottle,1
2025-03-03 02:57:34,bottle,1
2025-03-03 02:57:34,bottle,1
2025-03-03 02:57:34,bottle,1
2025-03-03 02:57:34,bottle,1
2025-03-03 02:57:34,bottle,1
2025-03-03 02:57:34,bottle,1
2025-03-03 02:57:34,bottle,1
2025-03-03 02:57:34,bottle,1
2025-03-03 02:57:34,bottle,1
2025-03-03 02:57:34,bottle,1
2025-03-03 02:57:34,bottle,1
2025-03-03 02:57:34,bottle,1
2025-03-03 02:57:34,bottle,1
2025-03-03 02:57:34,bottle,1
2025-03-03 02:57:34,bottle,1
2025-03-03 02:57:35,bottle,1
2025-03-03 02:57:35,bottle,1
2025-03-03 02:57:35,bottle,1
2025-03-03 02:57:36,person,1
2025-03-03 02:57:36,bottle,1
2025-03-03 02:57:36,bottle,1
2025-03-03 02:57:36,bottle,1
2025-03-03 02:57:36,bottle,1
2025-03-03 02:57:36,bottle,1
2025-03-03 02:57:36,bottle,1
2025-03-03 02:57:36,bottle,1
2025-03-03 02:57:36,bottle,1
2025-03-03 02:57:36,bottle,1
2025-03-03 02:57:36,bottle,1
2025-03-03 02:57:36,bottle,1
2025-03-03 02:57:36,bottle,1
2025-03-03 02:57:36,bottle,1
2025-03-03 02:57:36,bottle,1
2025-03-03 02:57:36,bottle,1
2025-03-03 02:57:37,bottle,1
2025-03-03 02:57:37,bottle,1
2025-03-03 02:57:37,bottle,1
2025-03-03 02:57:37,bottle,1
2025-03-03 02:57:37,bottle,1
2025-03-03 02:57:37,bottle,1
2025-03-03 02:57:37,bottle,1
2025-03-03 02:57:37,bottle,1
2025-03-03 02:57:37,bottle,1
2025-03-03 02:57:37,bottle,1
2025-03-03 02:57:37,bottle,1
2025-03-03 02:57:37,bottle,1
2025-03-03 02:57:37,bottle,1
2025-03-03 02:57:37,bottle,1
2025-03-03 02:57:37,bottle,1
2025-03-03 02:57:37,person,1
2025-03-03 02:57:38,bottle,1
2025-03-03 02:57:38,bottle,1
2025-03-03 02:57:38,bottle,1
2025-03-03 02:57:38,bottle,1
2025-03-03 02:57:38,person,1
2025-03-03 02:57:38,bottle,1
2025-03-03 02:57:38,bottle,1
2025-03-03 02:57:38,bottle,1
2025-03-03 02:57:38,bottle,1
2025-03-03 02:57:38,bottle,1
2025-03-03 02:57:38,bottle,1
2025-03-03 02:57:38,person,1
2025-03-03 02:57:39,bottle,1
2025-03-03 02:57:39,bottle,1
2025-03-03 02:57:39,bottle,1
2025-03-03 02:57:39,bottle,1
2025-03-03 02:57:39,bottle,1
2025-03-03 02:57:39,bottle,1
2025-03-03 02:57:39,bottle,1
2025-03-03 02:57:39,bottle,1
2025-03-03 02:57:39,bottle,1
2025-03-03 02:57:39,bottle,1
2025-03-03 02:57:39,bottle,1
2025-03-03 02:57:39,bottle,1
2025-03-03 02:57:39,bottle,1
2025-03-03 02:57:39,person,1
2025-03-03 02:57:40,bottle,1
2025-03-03 02:57:40,bottle,1
2025-03-03 02:57:40,bottle,1
2025-03-03 02:57:40,bottle,1
2025-03-03 02:57:40,bottle,1
2025-03-03 02:57:40,bottle,1
2025-03-03 02:57:40,bottle,1
2025-03-03 02:57:40,bottle,1
2025-03-03 02:57:40,bottle,1
2025-03-03 02:57:40,bottle,1
2025-03-03 02:57:40,bottle,1
2025-03-03 02:57:40,bottle,1
2025-03-03 02:57:41,bottle,1
2025-03-03 02:57:41,bottle,1
2025-03-03 02:57:41,bottle,1
2025-03-03 02:57:41,person,1
2025-03-03 02:57:42,person,1
2025-03-03 02:57:42,person,1
2025-03-03 02:57:42,bottle,1
2025-03-03 02:57:42,bottle,1
2025-03-03 02:57:42,bottle,1
2025-03-03 02:57:42,bottle,1
2025-03-03 02:57:43,bottle,1
2025-03-03 02:57:43,bottle,1
2025-03-03 02:57:43,bottle,1
2025-03-03 02:57:43,bottle,1
2025-03-03 02:57:43,bottle,1
2025-03-03 02:57:43,bottle,1
2025-03-03 02:57:43,bottle,1
2025-03-03 02:57:43,bottle,1
2025-03-03 02:57:43,person,1
2025-03-03 02:57:43,bottle,1
2025-03-03 02:57:44,bottle,1
2025-03-03 02:57:44,bottle,1
2025-03-03 02:57:45,person,1
2025-03-03 02:57:45,bottle,1
2025-03-03 02:57:45,bottle,1
2025-03-03 02:57:45,person,1
2025-03-03 02:57:45,bottle,1
2025-03-03 02:57:46,person,1
2025-03-03 02:57:46,person,1
2025-03-03 02:57:46,person,1
2025-03-03 02:57:47,person,1
2025-03-03 02:57:47,person,1
2025-03-03 02:57:48,person,1
2025-03-03 02:57:48,cat,1
2025-03-03 02:57:48,cat,1
2025-03-03 02:57:48,cat,1
2025-03-03 02:57:48,cat,1
2025-03-03 02:57:48,cat,1
2025-03-03 02:57:48,bottle,1
2025-03-03 02:57:48,bottle,1
2025-03-03 02:57:48,bottle,1
2025-03-03 02:57:48,bottle,1
2025-03-03 02:57:48,bottle,1
2025-03-03 02:57:48,chair,1
2025-03-03 02:57:49,bottle,1
2025-03-03 02:57:49,chair,1
2025-03-03 02:57:49,bottle,1
2025-03-03 02:57:49,bottle,1
2025-03-03 02:57:49,bottle,1
2025-03-03 02:57:49,bottle,1
2025-03-03 02:57:49,bottle,1
2025-03-03 02:57:49,bottle,1
2025-03-03 02:57:49,bottle,1
2025-03-03 02:57:49,bottle,1
2025-03-03 02:57:49,bottle,1
2025-03-03 02:57:49,bottle,1
2025-03-03 02:57:49,bottle,1
2025-03-03 02:57:49,bottle,1
2025-03-03 02:57:49,bottle,1
2025-03-03 02:57:49,bottle,1
2025-03-03 02:57:50,bottle,1
2025-03-03 02:57:50,bottle,1
2025-03-03 02:57:50,bottle,1
2025-03-03 02:57:50,bottle,1
2025-03-03 02:57:50,person,1
2025-03-03 02:57:50,bottle,1
2025-03-03 02:57:50,bottle,1
2025-03-03 02:57:50,bottle,1
2025-03-03 02:57:50,bottle,1
2025-03-03 02:57:50,bottle,1
2025-03-03 02:57:50,bottle,1
2025-03-03 02:57:50,bottle,1
2025-03-03 02:57:51,bottle,1
2025-03-03 02:57:51,bottle,1
2025-03-03 02:57:51,bottle,1
2025-03-03 02:57:51,bottle,1
2025-03-03 02:57:51,bottle,1
2025-03-03 02:57:51,bottle,1
2025-03-03 02:57:51,bottle,1
2025-03-03 02:57:51,bottle,1
2025-03-03 02:57:51,bottle,1
2025-03-03 02:57:51,bottle,1
2025-03-03 02:57:51,bottle,1
2025-03-03 02:57:51,bottle,1
2025-03-03 02:57:51,bottle,1
2025-03-03 02:57:51,bottle,1
2025-03-03 02:57:51,bottle,1
2025-03-03 02:57:52,bottle,1
2025-03-03 02:57:52,bottle,1
2025-03-03 02:57:52,bottle,1
2025-03-03 02:57:52,bottle,1
2025-03-03 02:57:52,bottle,1
2025-03-03 02:57:52,bottle,1
2025-03-03 02:57:52,dog,1
2025-03-03 02:57:52,bottle,1
2025-03-03 02:57:52,bottle,1
2025-03-03 02:57:52,bottle,1
2025-03-03 02:57:52,bottle,1
2025-03-03 02:57:52,bottle,1
2025-03-03 02:57:53,bottle,2
2025-03-03 02:57:53,bottle,1
2025-03-03 02:57:53,bottle,1
2025-03-03 02:57:53,bottle,1
2025-03-03 02:57:53,bottle,1
2025-03-03 02:57:53,bottle,1
2025-03-03 02:57:53,bottle,1
2025-03-03 02:57:53,bottle,1
2025-03-03 02:57:53,bottle,1
2025-03-03 02:57:53,bottle,1
2025-03-03 02:57:54,person,1
2025-03-03 02:57:55,bottle,1
2025-03-03 02:57:56,person,1
2025-03-03 02:57:56,bottle,1
2025-03-03 02:57:56,bottle,1
2025-03-03 02:57:56,person,1
2025-03-03 02:57:56,bottle,1
2025-03-03 02:57:56,person,1
2025-03-03 02:57:57,bottle,1
2025-03-03 02:57:57,person,1
2025-03-03 02:57:57,bottle,1
2025-03-03 02:57:57,person,1
2025-03-03 02:57:57,person,1
2025-03-03 02:57:57,bottle,1
2025-03-03 02:57:57,bottle,1
2025-03-03 02:57:57,person,1
2025-03-03 02:57:57,bottle,1
2025-03-03 02:57:58,bottle,1
2025-03-03 02:57:58,bottle,1
2025-03-03 02:57:58,bottle,1
2025-03-03 02:57:58,person,1
2025-03-03 02:57:58,bottle,1
2025-03-03 02:57:58,bottle,1
2025-03-03 02:57:58,bottle,1
2025-03-03 02:57:58,bottle,1
2025-03-03 02:57:58,bottle,1
2025-03-03 02:57:58,bottle,1
2025-03-03 02:57:58,bottle,1
2025-03-03 02:57:58,bottle,1
2025-03-03 02:57:59,person,1
2025-03-03 02:57:59,bottle,1
2025-03-03 02:57:59,bottle,1
2025-03-03 02:57:59,person,1
2025-03-03 02:57:59,bottle,1
2025-03-03 02:57:59,bottle,1
2025-03-03 02:58:00,bottle,1
2025-03-03 02:58:00,bottle,1
2025-03-03 02:58:00,bottle,1
2025-03-03 02:58:00,bottle,1
2025-03-03 02:58:00,bottle,1
2025-03-03 02:58:00,bottle,1
2025-03-03 02:58:00,bottle,1
2025-03-03 02:58:00,bottle,1
2025-03-03 02:58:01,bottle,1
2025-03-03 02:58:01,bottle,1
2025-03-03 02:58:01,bottle,1
2025-03-03 02:58:01,bottle,1
2025-03-03 02:58:01,bottle,1
2025-03-03 02:58:01,bottle,1
2025-03-03 02:58:01,bottle,1
2025-03-03 02:58:02,bottle,1
2025-03-03 02:58:02,bottle,1
2025-03-03 02:58:02,bottle,1
2025-03-03 02:58:02,bottle,1
2025-03-03 02:58:02,bottle,1
2025-03-03 02:58:02,bottle,1
2025-03-03 02:58:02,bottle,1
2025-03-03 02:58:02,bottle,1
2025-03-03 02:58:02,bottle,1
2025-03-03 02:58:02,bottle,1
2025-03-03 02:58:02,bottle,1
2025-03-03 02:58:03,bottle,1
2025-03-03 02:58:03,bottle,1
2025-03-03 12:20:00,bottle,1
2025-03-03 12:20:01,person,1
2025-03-03 12:20:01,person,1
2025-03-03 12:20:01,person,1
2025-03-03 12:20:02,person,1
2025-03-03 12:20:02,person,1
2025-03-03 12:20:02,person,1
2025-03-03 12:20:02,person,1
2025-03-03 12:20:03,person,1
2025-03-03 12:20:03,person,1
2025-03-03 12:20:03,person,1
2025-03-03 12:20:04,person,1
2025-03-03 12:20:04,person,1
2025-03-03 12:20:04,person,2
2025-03-03 12:20:05,person,2
2025-03-03 12:20:05,person,2
2025-03-03 12:20:06,person,2
2025-03-03 12:20:06,person,2
2025-03-03 12:20:07,person,2
2025-03-03 12:20:07,person,2
2025-03-03 12:20:08,person,2
2025-03-03 12:20:08,person,2
2025-03-03 12:20:09,person,2
2025-03-03 12:20:09,person,2
2025-03-03 12:20:10,person,1
2025-03-03 12:20:10,person,1
2025-03-03 12:20:10,person,1
2025-03-03 12:20:10,person,1
2025-03-03 12:20:11,person,1
2025-03-03 12:20:11,bottle,1
2025-03-03 12:20:11,person,1
2025-03-03 12:20:11,person,1
2025-03-03 12:20:12,person,1
2025-03-03 12:20:12,person,1
2025-03-03 12:20:12,person,1
2025-03-03 12:20:12,person,1
2025-03-03 12:20:13,person,2
2025-03-03 12:20:13,person,2
2025-03-03 12:20:14,person,1
2025-03-03 12:20:14,person,1
2025-03-03 12:20:14,person,1
2025-03-03 12:20:15,person,1
2025-03-03 12:20:15,person,1
2025-03-03 12:20:15,person,1
2025-03-03 12:20:15,person,1
2025-03-03 12:20:16,person,1
2025-03-03 12:20:16,person,1
2025-03-03 12:20:16,person,1
2025-03-03 12:20:17,person,1
2025-03-03 12:20:17,person,1
2025-03-03 12:20:17,person,2
2025-03-03 12:20:18,person,1
2025-03-03 12:20:18,person,2
2025-03-03 12:20:18,person,1
2025-03-03 12:20:19,person,1
2025-03-03 12:20:19,person,1
2025-03-03 12:20:19,person,1
2025-03-03 12:20:20,person,1
2025-03-03 12:20:20,person,1
2025-03-03 12:20:20,person,1
2025-03-03 12:20:20,person,1
2025-03-03 12:20:21,person,1
2025-03-03 12:20:21,person,1
2025-03-03 12:20:21,person,1
2025-03-03 12:20:22,person,1
2025-03-03 12:20:22,person,1
2025-03-03 12:20:22,person,1
2025-03-03 12:20:23,person,1
2025-03-03 12:20:23,person,1
2025-03-03 12:20:23,person,1
2025-03-03 12:20:23,person,1
2025-03-03 12:20:24,person,1
2025-03-03 12:20:24,person,1
2025-03-03 12:20:24,person,1
2025-03-03 12:20:24,person,1
2025-03-03 12:20:25,pottedplant,1
2025-03-03 12:20:25,bottle,1
2025-03-03 12:20:25,bottle,1
2025-03-03 12:20:25,pottedplant,1
2025-03-03 12:20:25,pottedplant,1
2025-03-03 12:20:25,person,1
2025-03-03 12:20:25,person,1
2025-03-03 12:20:25,person,1
2025-03-03 12:20:26,chair,1
2025-03-03 12:20:26,person,1
2025-03-03 12:20:26,pottedplant,1
2025-03-03 12:20:26,person,1
2025-03-03 12:20:26,person,1
2025-03-03 12:20:27,person,1
2025-03-03 12:20:27,person,1
2025-03-03 12:20:27,person,1
2025-03-03 12:20:27,person,1
2025-03-03 12:20:28,person,1
2025-03-03 12:20:28,pottedplant,1
2025-03-03 12:20:28,person,1
2025-03-03 12:20:28,pottedplant,1
2025-03-03 12:20:28,person,1
2025-03-03 12:20:28,chair,1
2025-03-03 12:20:29,person,2
2025-03-03 12:20:29,person,2
2025-03-03 12:20:30,person,2
2025-03-03 12:20:30,person,1
2025-03-03 12:20:30,person,1
2025-03-03 12:20:31,person,2
2025-03-03 12:20:31,person,1
2025-03-03 12:20:31,bottle,1
2025-03-03 12:20:32,person,2
2025-03-03 12:20:32,diningtable,1
2025-03-03 12:20:32,person,1
2025-03-03 12:20:32,bottle,1
2025-03-03 12:20:32,person,2
2025-03-03 12:20:32,diningtable,1
2025-03-03 12:20:33,person,1
2025-03-03 12:20:33,diningtable,1
2025-03-03 12:20:33,person,2
2025-03-03 12:20:34,person,2
2025-03-03 12:20:34,chair,1
2025-03-03 12:20:34,person,1
2025-03-03 12:20:34,dog,1
2025-03-03 12:20:34,person,1
2025-03-03 12:20:34,chair,1
2025-03-03 12:20:34,chair,1
2025-03-03 12:20:35,chair,1
2025-03-03 12:20:35,bottle,1
2025-03-03 12:20:35,bottle,1
2025-03-03 12:20:35,bottle,1
2025-03-03 12:20:35,person,1
2025-03-03 12:20:35,bottle,1
2025-03-03 12:20:35,chair,1
2025-03-03 12:20:35,bottle,1
2025-03-03 12:20:35,chair,1
2025-03-03 12:20:35,person,1
2025-03-03 12:20:36,chair,1
2025-03-03 12:20:36,person,1
2025-03-03 12:20:36,sofa,1
2025-03-03 12:20:36,bottle,1
2025-03-03 12:20:36,chair,2
2025-03-03 12:20:36,person,1
2025-03-03 12:20:36,sofa,1
2025-03-03 12:20:36,person,1
2025-03-03 12:20:36,chair,1
2025-03-03 12:20:36,bottle,1
2025-03-03 12:20:37,person,1
2025-03-03 12:20:37,person,2
2025-03-03 12:20:37,person,1
2025-03-03 12:20:38,person,1
2025-03-03 12:20:38,person,1
2025-03-03 12:20:38,person,1
2025-03-03 12:20:39,person,1
2025-03-03 12:20:39,person,2
2025-03-03 12:20:39,person,1
2025-03-03 12:20:40,person,1
2025-03-03 12:20:40,bottle,1
2025-03-03 12:20:40,sofa,1
2025-03-03 12:20:40,person,1
2025-03-03 12:20:40,person,1
2025-03-03 12:20:41,bottle,1
2025-03-03 12:20:41,person,1
2025-03-03 12:20:41,chair,1
2025-03-03 12:20:41,person,1
2025-03-03 12:20:41,chair,1
2025-03-03 12:20:42,person,1
2025-03-03 12:20:42,chair,1
2025-03-03 12:20:42,person,1
2025-03-03 12:20:42,chair,1
2025-03-03 12:20:42,diningtable,1
2025-03-03 12:20:42,person,1
2025-03-03 12:20:42,chair,1
2025-03-03 12:20:42,diningtable,1
2025-03-03 12:20:42,chair,1
2025-03-03 12:20:42,person,1
2025-03-03 12:20:42,chair,1
2025-03-03 12:20:43,chair,1
2025-03-03 12:20:43,chair,1
2025-03-03 12:20:43,chair,1
2025-03-03 12:20:43,chair,1
2025-03-03 12:20:43,chair,1
2025-03-03 12:20:43,chair,1
2025-03-03 12:20:43,chair,1
2025-03-03 12:20:43,chair,1
2025-03-03 12:20:43,chair,2
2025-03-03 12:20:43,chair,1
2025-03-03 12:20:43,chair,1
2025-03-03 12:20:43,chair,2
2025-03-03 12:20:43,chair,1
2025-03-03 12:20:44,chair,1
2025-03-03 12:20:44,chair,1
2025-03-03 12:20:44,chair,1
2025-03-03 12:20:44,chair,1
2025-03-03 12:20:44,person,1
2025-03-03 12:20:44,chair,1
2025-03-03 12:20:44,person,1
2025-03-03 12:20:44,chair,1
2025-03-03 12:20:45,chair,1
2025-03-03 12:20:45,chair,1
2025-03-03 12:20:45,chair,1
2025-03-03 12:20:45,person,1
2025-03-03 12:20:45,chair,1
2025-03-03 12:20:45,person,1
2025-03-03 12:20:46,person,1
2025-03-03 12:20:46,chair,1
2025-03-03 12:20:46,person,1
2025-03-03 12:20:46,chair,2
2025-03-03 12:20:46,person,1
2025-03-03 12:20:46,chair,2
2025-03-03 12:20:46,bird,1
2025-03-03 12:20:47,person,2
2025-03-03 12:20:47,chair,1
2025-03-03 12:20:47,person,1
2025-03-03 12:20:47,sofa,1
2025-03-03 12:20:47,person,1
2025-03-03 12:20:48,person,2
2025-03-03 12:20:48,person,2
2025-03-03 12:20:48,chair,1
2025-03-03 12:20:49,person,2
2025-03-03 12:20:49,chair,1
2025-03-03 12:20:49,person,1
2025-03-03 12:20:49,chair,1
2025-03-03 12:20:50,person,3
2025-03-03 12:20:50,chair,1
2025-03-03 12:20:50,person,1
2025-03-03 12:20:50,chair,1
2025-03-03 12:20:50,bottle,2
2025-03-03 12:20:50,diningtable,1
2025-03-03 12:20:51,diningtable,1
2025-03-03 12:20:51,bottle,1
2025-03-03 12:20:51,person,2
2025-03-03 12:20:52,person,1
2025-03-03 12:20:52,person,2
2025-03-03 12:20:52,person,1
2025-03-03 12:20:52,bottle,1
2025-03-03 12:20:52,bird,1
2025-03-03 12:20:53,person,2
2025-03-03 12:20:53,person,1
2025-03-03 12:20:53,person,1
2025-03-03 12:20:54,person,2
2025-03-03 12:20:54,person,2
2025-03-03 12:20:55,person,2
2025-03-03 12:20:55,person,2
2025-03-03 12:20:56,person,2
2025-03-03 12:20:56,person,2
2025-03-03 12:20:57,person,2
2025-03-03 12:20:57,person,2
2025-03-03 12:20:58,person,2
2025-03-03 12:20:58,pottedplant,1
2025-03-03 12:20:58,person,1
2025-03-03 12:20:58,dog,1
2025-03-03 12:20:58,person,1
2025-03-03 12:20:58,cat,1
2025-03-03 12:20:59,person,1
2025-03-03 12:20:59,person,1
2025-03-03 12:20:59,person,1
2025-03-03 12:21:00,person,2
2025-03-03 12:21:00,person,2
2025-03-03 12:21:01,person,2
2025-03-03 12:21:01,person,2
2025-03-03 12:21:02,person,2
2025-03-03 12:21:02,person,1
2025-03-03 12:21:02,person,1
2025-03-03 12:21:02,bottle,1
2025-03-03 12:21:03,person,1
2025-03-03 12:21:03,person,2
2025-03-03 12:21:04,person,2
2025-03-03 12:21:04,person,2
2025-03-03 12:21:05,person,3
2025-03-03 12:21:05,person,2
2025-03-03 12:21:06,person,2
2025-03-03 12:21:06,person,1
2025-03-03 12:21:06,person,1
2025-03-03 12:21:07,person,1
2025-03-03 12:21:07,person,1
2025-03-03 12:21:07,pottedplant,1
2025-03-03 12:21:07,person,1
2025-03-03 12:21:07,cat,1
2025-03-03 12:21:07,person,1
2025-03-03 12:21:07,cat,1
2025-03-03 12:21:08,person,1
2025-03-03 12:21:08,person,1
2025-03-03 12:21:08,person,1
2025-03-03 12:21:08,bottle,1
2025-03-03 12:21:09,bottle,1
2025-03-03 12:21:09,sofa,1
2025-03-03 12:21:09,person,1
2025-03-03 12:21:09,person,2
2025-03-03 12:21:10,person,2
2025-03-03 12:21:10,person,2
2025-03-03 12:21:10,person,1
2025-03-03 12:21:11,person,2
2025-03-03 12:21:11,person,1
2025-03-03 12:21:11,person,1
2025-03-03 12:21:11,bottle,1
2025-03-03 12:21:11,pottedplant,1
2025-03-03 12:21:12,person,1
2025-03-03 12:21:12,person,1
2025-03-03 12:21:12,person,2
2025-03-03 12:21:12,pottedplant,1
2025-03-03 12:21:13,cat,1
2025-03-03 12:21:13,person,1
2025-03-03 12:21:13,diningtable,1
2025-03-03 12:21:13,person,1
2025-03-03 12:21:13,person,1
2025-03-03 12:21:14,person,1
2025-03-03 12:21:14,tvmonitor,1
2025-03-03 12:21:14,tvmonitor,1
2025-03-03 12:21:14,person,1
2025-03-03 12:21:14,person,1
2025-03-03 12:21:15,person,2
2025-03-03 12:21:15,person,2
2025-03-03 12:21:16,person,2
2025-03-03 12:21:16,person,2
2025-03-03 12:21:17,person,2
2025-03-03 12:21:17,person,1
2025-03-03 12:21:18,person,2
2025-03-03 12:21:18,person,2
2025-03-03 12:21:19,person,2
2025-03-03 12:21:19,person,1
2025-03-03 12:21:20,person,1
2025-03-03 12:21:20,person,1
2025-03-03 12:21:20,person,1
2025-03-03 12:21:21,person,2
2025-03-03 12:21:21,person,1
2025-03-03 12:21:21,person,1
2025-03-03 12:21:22,person,1
2025-03-03 12:21:22,person,1
2025-03-03 12:21:22,person,1
2025-03-03 12:21:23,pottedplant,1
2025-03-03 12:21:23,person,1
2025-03-03 12:21:23,person,1
2025-03-03 12:21:23,pottedplant,1
2025-03-03 12:21:23,person,2
2025-03-03 12:21:24,pottedplant,1
2025-03-03 12:21:24,person,1
2025-03-03 12:21:24,person,1
2025-03-03 12:21:24,pottedplant,1
2025-03-03 12:21:24,diningtable,1
2025-03-03 12:21:24,pottedplant,1
2025-03-03 12:21:24,person,1
2025-03-03 12:21:24,diningtable,1
2025-03-03 12:21:25,person,1
2025-03-03 12:21:25,person,2
2025-03-03 12:21:26,person,2
2025-03-03 12:21:26,person,2
2025-03-03 12:21:27,person,2
2025-03-03 12:21:27,person,2
2025-03-03 12:21:28,person,2
2025-03-03 12:21:28,person,1
2025-03-03 12:21:29,person,2
2025-03-03 12:21:29,person,2
2025-03-03 12:21:30,person,2
2025-03-03 12:21:30,diningtable,1
2025-03-03 12:21:30,person,1
2025-03-03 12:21:31,person,1
2025-03-03 12:21:31,person,1
2025-03-03 22:01:27,bottle,1
2025-03-03 22:01:27,car,1
2025-03-03 22:01:28,car,1
2025-03-03 22:01:28,bottle,1
2025-03-03 22:01:30,bottle,1
2025-03-03 22:01:31,person,1
2025-03-03 22:01:31,person,1
2025-03-03 22:01:31,car,1
2025-03-03 22:01:32,person,1
2025-03-03 22:01:32,person,1
2025-03-03 22:01:33,person,1
2025-03-03 22:01:33,bottle,1
2025-03-03 22:01:35,person,1
2025-03-03 22:02:18,person,1
2025-03-03 22:02:19,person,1
2025-03-03 22:02:19,person,1
2025-03-03 22:02:19,person,1
2025-03-03 22:02:20,person,1
2025-03-03 22:02:20,person,1
2025-03-03 22:02:20,person,1
2025-03-03 22:02:21,person,1
2025-03-03 22:02:21,person,1
2025-03-03 22:02:21,person,1
2025-03-03 22:02:22,person,1
2025-03-03 22:02:22,person,1
2025-03-03 22:02:22,person,1
2025-03-03 22:02:23,person,1
2025-03-03 22:02:23,person,1
2025-03-03 22:02:23,person,1
2025-03-03 22:02:24,person,1
2025-03-03 22:02:24,person,1
2025-03-03 22:02:24,person,1
2025-03-03 22:02:24,person,1
2025-03-03 22:02:25,person,1
2025-03-03 22:02:25,person,1
2025-03-03 22:02:25,person,1
2025-03-03 22:02:26,person,1
2025-03-03 22:02:26,person,1
2025-03-03 22:02:26,person,1
2025-03-03 22:02:27,person,1
2025-03-03 22:02:27,person,1
2025-03-03 22:02:27,person,1
2025-03-03 22:02:28,person,1
2025-03-03 22:02:28,person,1
2025-03-03 22:02:28,person,1
2025-03-03 22:02:29,person,1
2025-03-03 22:02:29,person,1
2025-03-03 22:02:29,person,1
2025-03-03 22:02:30,person,1
2025-03-03 22:02:30,person,1
2025-03-03 22:02:30,person,1
2025-03-03 22:02:31,person,1
2025-03-03 22:02:31,person,1
2025-03-03 22:02:31,person,1
2025-03-03 22:02:32,person,1
2025-03-03 22:02:32,person,1
2025-03-03 22:02:32,person,1
2025-03-03 22:02:33,person,1
2025-03-03 22:02:33,person,1
2025-03-03 22:02:33,person,1
2025-03-03 22:02:34,person,1
2025-03-03 22:02:34,person,1
2025-03-03 22:02:34,person,1
2025-03-03 22:02:34,person,1
2025-03-03 22:02:35,person,1
2025-03-03 22:02:35,person,1
2025-03-03 22:02:35,person,1
2025-03-03 22:02:36,person,1
2025-03-03 22:02:36,person,1
2025-03-03 22:02:36,person,1
2025-03-03 22:02:37,person,1
2025-03-03 22:02:37,person,1
2025-03-03 22:02:37,person,1
2025-03-03 22:02:38,person,1
2025-03-03 22:02:38,person,1
2025-03-03 22:02:38,person,1
2025-03-03 22:02:39,person,1
2025-03-03 22:02:39,person,1
2025-03-03 22:02:39,person,1
2025-03-03 22:02:40,bottle,1
2025-03-03 22:02:40,person,1
2025-03-03 22:02:40,bottle,2
2025-03-03 22:02:40,person,1
2025-03-03 22:02:40,bottle,2
2025-03-03 22:02:40,person,1
2025-03-03 22:02:41,bottle,1
2025-03-03 22:02:41,person,1
2025-03-03 22:02:41,bottle,1
2025-03-03 22:02:41,person,1
2025-03-03 22:02:41,bottle,1
2025-03-03 22:02:41,bottle,1
2025-03-03 22:02:41,bottle,1
2025-03-03 22:02:41,person,1
2025-03-03 22:02:42,bottle,1
2025-03-03 22:02:42,person,1
2025-03-03 22:02:42,bottle,1
2025-03-03 22:02:42,person,1
2025-03-03 22:02:42,bottle,1
2025-03-03 22:02:42,person,1
2025-03-03 22:02:43,bottle,1
2025-03-03 22:02:43,person,1
2025-03-03 22:02:43,person,1
2025-03-03 22:02:43,person,1
2025-03-03 22:02:44,person,1
2025-03-03 22:02:44,person,1
2025-03-03 22:02:44,person,1
2025-03-03 22:02:45,person,1
2025-03-03 22:02:45,person,1
2025-03-03 22:02:45,person,1
2025-03-03 22:02:46,person,1
2025-03-03 22:02:46,person,1
2025-03-03 22:02:46,person,1
2025-03-03 22:02:47,person,1
2025-03-03 22:02:47,person,1
2025-03-03 22:02:47,person,1
2025-03-03 22:02:48,person,1
2025-03-03 22:02:48,person,1
2025-03-03 22:02:48,person,1
2025-03-03 22:02:49,person,1
2025-03-03 22:02:49,person,1
2025-03-03 22:02:49,person,1
2025-03-03 22:02:50,person,1
2025-03-03 22:02:50,person,1
2025-03-03 22:02:50,person,1
2025-03-03 22:02:50,person,1
2025-03-03 22:02:51,person,1
2025-03-03 22:02:51,person,1
2025-03-03 22:02:51,person,1
2025-03-03 22:02:52,person,1
2025-03-03 22:02:52,person,1
2025-03-03 22:02:52,person,1
2025-03-03 22:02:53,person,1
2025-03-03 22:02:53,person,1
2025-03-03 22:02:53,person,1
2025-03-03 22:02:54,person,1
2025-03-03 22:02:54,person,1
2025-03-03 22:02:54,person,1
2025-03-03 22:02:55,person,1
2025-03-03 22:02:55,person,1
2025-03-03 22:02:55,person,1
2025-03-03 22:02:56,person,1
2025-03-03 22:02:56,person,1
2025-03-03 22:02:56,person,1
2025-03-03 22:02:57,person,1
2025-03-03 22:02:57,person,1
2025-03-03 22:02:57,person,1
2025-03-03 22:02:58,person,1
2025-03-03 22:02:58,person,1
2025-03-03 22:02:58,person,1
2025-03-03 22:02:59,person,1
2025-03-03 22:02:59,person,1
2025-03-03 22:02:59,person,1
2025-03-03 22:03:00,person,1
2025-03-03 22:03:00,person,1
2025-03-03 22:03:00,person,1
2025-03-03 22:03:00,person,1
2025-03-03 22:03:01,person,1
2025-03-03 22:03:01,person,1
2025-03-03 22:03:01,person,1
2025-03-03 22:03:02,person,1
2025-03-03 22:03:03,person,1
2025-03-04 00:28:23,car,1
2025-03-04 00:28:27,car,1
2025-03-04 00:28:27,car,1
2025-03-04 00:28:27,bottle,1
2025-03-04 00:28:27,car,1
2025-03-04 00:28:27,car,1
2025-03-04 00:28:28,car,1
2025-03-04 00:28:28,car,1
2025-03-04 00:28:30,car,1
2025-03-04 00:28:30,car,1
2025-03-04 00:28:30,car,1
2025-03-04 00:28:30,car,1
2025-03-04 00:28:30,car,1
2025-03-04 00:28:30,car,1
2025-03-04 00:28:30,car,1
2025-03-04 00:28:30,car,1
2025-03-04 00:28:30,car,1
2025-03-04 00:28:31,car,1
2025-03-04 00:28:31,person,1
2025-03-04 00:28:31,car,1
2025-03-04 00:28:31,car,1
2025-03-04 00:28:31,car,1
2025-03-04 00:28:31,person,1
2025-03-04 00:28:31,car,1
2025-03-04 00:28:31,car,1
2025-03-04 00:28:31,person,1
2025-03-04 00:28:31,car,1
2025-03-04 00:28:32,car,1
2025-03-04 00:28:32,person,1
2025-03-04 00:28:32,car,1
2025-03-04 00:28:32,person,1
2025-03-04 00:28:32,car,1
2025-03-04 00:28:32,person,1
2025-03-04 00:28:32,car,1
2025-03-04 00:28:32,person,1
2025-03-04 00:28:33,car,1
2025-03-04 00:28:33,car,1
2025-03-04 00:28:33,car,1
2025-03-04 00:28:33,car,1
2025-03-04 00:28:33,car,1
2025-03-04 00:28:33,car,1
2025-03-04 00:28:33,car,1
2025-03-04 00:28:33,car,1
2025-03-04 00:28:33,person,1
2025-03-04 00:28:33,car,1
2025-03-04 00:28:33,car,1
2025-03-04 00:28:33,car,1
2025-03-04 00:28:33,car,1
2025-03-04 00:28:34,car,1
2025-03-04 00:28:34,car,1
2025-03-04 00:28:34,car,1
2025-03-04 00:28:34,car,1
2025-03-04 00:28:34,car,1
2025-03-04 00:28:34,car,1
2025-03-04 00:28:34,car,1
2025-03-04 00:28:34,car,1
2025-03-04 00:28:34,car,1
2025-03-04 00:28:34,car,1
2025-03-04 00:28:34,car,1
2025-03-04 00:28:34,bottle,1
2025-03-04 00:28:35,bottle,1
2025-03-04 00:28:35,bottle,1
2025-03-04 00:28:36,car,1
2025-03-04 00:28:36,car,1
2025-03-04 00:28:36,car,1
2025-03-04 00:28:36,car,1
2025-03-04 00:28:36,car,1
2025-03-04 00:28:36,car,1
2025-03-04 00:28:37,person,1
2025-03-04 00:28:37,person,1
2025-03-04 00:28:37,car,1
2025-03-04 00:28:37,car,1
2025-03-04 00:28:37,car,1
2025-03-04 00:28:37,car,1
2025-03-04 00:28:37,car,1
2025-03-04 00:28:37,car,1
2025-03-04 00:28:37,car,1
2025-03-04 00:28:37,car,1
2025-03-04 00:28:37,car,1
2025-03-04 00:28:38,person,1
2025-03-04 00:28:38,car,1
2025-03-04 00:28:38,person,1
2025-03-04 00:28:38,car,1
2025-03-04 00:28:38,car,1
2025-03-04 00:28:38,car,1
2025-03-04 00:28:38,car,1
2025-03-04 00:28:38,person,1
2025-03-04 00:28:38,car,1
2025-03-04 00:28:38,car,1
2025-03-04 00:28:39,car,1
2025-03-04 00:28:39,car,1
2025-03-04 00:28:39,car,1
2025-03-04 00:28:39,car,1
2025-03-04 00:28:39,car,1
2025-03-04 00:28:39,car,1
2025-03-04 00:28:39,car,1
2025-03-04 00:28:39,car,1
2025-03-04 00:28:39,car,1
2025-03-04 00:28:40,person,1
2025-03-04 00:28:40,car,1
2025-03-04 00:28:40,car,1
2025-03-04 00:28:40,car,1
2025-03-04 00:28:40,car,1
2025-03-04 00:28:41,car,1
2025-03-04 00:28:41,car,1
2025-03-04 00:28:42,car,1
2025-03-04 00:28:42,car,1
2025-03-04 00:28:42,car,1
2025-03-04 00:28:42,car,1
2025-03-04 00:28:42,car,1
2025-03-04 00:28:42,car,1
2025-03-04 00:28:42,car,1
2025-03-04 00:28:42,car,1
2025-03-04 00:28:42,car,1
2025-03-04 00:28:42,car,2
2025-03-04 00:28:42,car,1
2025-03-04 00:28:42,car,1
2025-03-04 00:28:42,car,1
2025-03-04 00:28:43,car,2
2025-03-04 00:28:43,car,1
2025-03-04 00:28:43,car,1
2025-03-04 00:28:43,car,1
2025-03-04 00:29:08,car,1
2025-03-04 00:29:11,car,1
2025-03-04 00:29:12,car,1
2025-03-04 00:29:12,person,1
2025-03-04 00:29:18,car,1
2025-03-04 00:29:18,car,1
2025-03-04 00:29:18,car,1
2025-03-04 00:29:18,car,2
2025-03-04 00:29:18,car,1
2025-03-04 00:29:18,car,1
2025-03-04 00:29:18,car,1
2025-03-04 00:29:18,bottle,1
2025-03-04 00:29:18,car,1
2025-03-04 00:29:18,car,1
2025-03-04 00:29:19,car,1
2025-03-04 00:29:19,car,1
2025-03-04 00:29:19,car,1
2025-03-04 00:29:19,car,1
2025-03-04 00:29:19,car,1
2025-03-04 00:29:19,bottle,1
2025-03-04 00:29:19,car,1
2025-03-04 00:29:19,bottle,1
2025-03-04 00:29:19,car,1
2025-03-04 00:29:19,car,1
2025-03-04 00:29:19,car,1
2025-03-04 00:29:19,bottle,1
2025-03-04 00:29:19,car,1
2025-03-04 00:29:19,bottle,1
2025-03-04 00:29:19,car,1
2025-03-04 00:29:19,car,1
2025-03-04 00:29:20,car,1
2025-03-04 00:29:20,car,1
2025-03-04 00:29:20,car,1
2025-03-04 00:29:20,person,1
2025-03-04 00:29:21,person,1
2025-03-04 00:29:21,car,1
2025-03-04 00:29:21,car,1
2025-03-04 00:29:21,car,1
2025-03-04 00:29:21,bottle,1
2025-03-04 00:29:21,car,1
2025-03-04 00:29:21,car,1
2025-03-04 00:29:21,car,1
2025-03-04 00:29:22,person,1
2025-03-04 00:29:22,person,1
2025-03-04 00:29:22,car,1
2025-03-04 00:29:22,car,1
2025-03-04 00:29:23,person,1
2025-03-04 00:29:23,car,1
2025-03-04 00:29:23,person,1
2025-03-04 00:29:23,car,1
2025-03-04 00:29:23,person,1
2025-03-04 00:29:23,car,1
2025-03-04 00:29:24,car,1
2025-03-04 00:29:24,car,1
2025-03-04 00:29:24,person,1
2025-03-04 00:29:24,person,1
2025-03-04 00:29:24,car,1
2025-03-04 00:29:24,person,1
2025-03-04 00:29:25,car,1
2025-03-04 00:29:25,person,1
2025-03-04 00:29:25,car,1
2025-03-04 00:29:25,car,1
2025-03-04 00:29:25,car,1
2025-03-04 00:29:25,car,1
2025-03-04 00:29:26,car,1
2025-03-04 00:29:26,car,2
2025-03-04 00:29:26,car,1
2025-03-04 01:50:08,person,2
2025-03-04 01:50:08,person,1
2025-03-04 01:50:09,person,1
2025-03-04 01:50:09,person,1
2025-03-04 01:50:09,person,2
2025-03-04 01:50:10,person,1
2025-03-04 01:50:10,person,1
2025-03-04 01:50:10,person,1
2025-03-04 01:50:11,person,1
2025-03-04 01:50:11,person,1
2025-03-04 01:50:11,person,1
2025-03-04 01:50:12,person,1
2025-03-04 01:50:12,person,1
2025-03-04 01:50:12,person,1
2025-03-04 01:50:12,person,1
2025-03-04 01:50:13,person,1
2025-03-04 01:50:13,person,1
2025-03-04 01:50:13,person,1
2025-03-04 01:50:13,person,1
2025-03-04 01:50:14,person,1
2025-03-04 01:50:14,person,1
2025-03-04 01:50:14,person,1
2025-03-04 01:50:15,person,1
2025-03-04 01:50:15,person,1
2025-03-04 01:50:15,person,1
2025-03-04 01:50:15,person,1
2025-03-04 01:50:16,person,1
2025-03-04 01:50:16,person,1
2025-03-04 01:50:16,person,1
2025-03-04 01:50:17,person,1
2025-03-04 01:50:17,person,1
2025-03-04 01:50:17,person,1
2025-03-04 01:50:17,person,1
2025-03-04 01:50:18,person,1
2025-03-04 01:50:18,person,1
2025-03-04 01:50:18,person,1
2025-03-04 01:50:18,person,1
2025-03-04 01:50:19,person,1
2025-03-04 01:50:19,person,1
2025-03-04 01:50:19,person,1
2025-03-04 01:50:19,person,1
2025-03-04 01:50:20,person,1
2025-03-04 01:50:20,person,1
2025-03-04 01:50:20,person,1
2025-03-04 01:50:21,person,1
2025-03-04 01:50:21,person,1
2025-03-04 01:50:21,person,1
2025-03-04 01:50:22,person,1
2025-03-04 01:50:22,person,1
2025-03-04 01:50:22,person,1
2025-03-04 01:50:23,person,1
2025-03-04 01:50:23,person,1
2025-03-04 01:50:23,person,1
2025-03-04 01:50:23,person,1
2025-03-04 01:50:24,person,1
2025-03-04 01:50:24,person,1
2025-03-04 01:50:24,person,1
2025-03-04 01:50:25,person,1
2025-03-04 01:50:26,person,2
2025-03-04 01:50:27,person,2
2025-03-04 01:50:27,person,2
2025-03-04 01:50:28,person,2
2025-03-04 01:50:29,person,2
2025-03-04 01:50:30,person,2
2025-03-04 01:50:31,person,2
2025-03-04 01:50:32,person,2
2025-03-04 01:50:32,person,2
2025-03-04 01:50:33,person,2
2025-03-04 01:50:33,person,2
2025-03-04 01:50:34,person,2
2025-03-04 01:50:34,person,2
2025-03-04 01:50:35,person,2
2025-03-04 01:50:35,person,1
2025-03-04 01:50:36,person,2
2025-03-04 01:50:36,person,1
2025-03-04 01:50:36,person,1
2025-03-04 01:50:37,person,1
2025-03-04 01:50:37,person,1
2025-03-04 01:50:37,person,1
2025-03-04 01:50:38,person,1
2025-03-04 01:50:38,person,1
2025-03-04 01:50:38,person,1
2025-03-04 01:50:38,person,1
2025-03-04 01:50:39,person,1
2025-03-04 01:50:39,person,1
2025-03-04 01:50:39,person,1
2025-03-04 01:50:39,person,1
2025-03-04 01:50:40,person,1
2025-03-04 01:50:40,person,1
2025-03-04 01:50:40,person,1
2025-03-04 01:50:41,person,1
2025-03-04 01:50:41,person,1
2025-03-04 01:50:41,person,1
2025-03-04 01:50:42,person,1
2025-03-04 01:50:42,person,1
2025-03-04 01:50:43,person,1
2025-03-04 01:50:43,person,1
2025-03-04 01:50:43,person,1
2025-03-04 01:50:43,person,1
2025-03-04 01:50:44,person,1
2025-03-04 01:50:44,bottle,1
2025-03-04 01:50:44,person,1
2025-03-04 01:50:44,bottle,1
2025-03-04 01:50:44,person,1
2025-03-04 01:50:45,person,1
2025-03-04 01:50:45,bottle,1
2025-03-04 01:50:45,person,1
2025-03-04 01:50:45,person,1
2025-03-04 01:50:45,bottle,1
2025-03-04 01:50:46,person,1
2025-03-04 01:50:46,bottle,1
2025-03-04 01:50:46,person,1
2025-03-04 01:50:46,person,1
2025-03-04 01:50:47,person,1
2025-03-04 01:50:47,person,1
2025-03-04 01:50:47,person,1
2025-03-04 01:50:47,person,1
2025-03-04 01:50:48,person,1
2025-03-04 01:50:48,person,1
2025-03-04 01:50:49,person,1
2025-03-04 01:50:49,person,1
2025-03-04 01:50:49,person,1
2025-03-04 01:50:50,person,1
2025-03-04 01:50:50,person,1
2025-03-04 01:50:50,person,1
2025-03-04 01:50:51,person,1
2025-03-04 01:50:51,person,1
2025-03-04 01:50:51,person,1
2025-03-04 01:50:51,person,1
2025-03-04 01:50:52,person,1
2025-03-04 01:50:52,person,1
2025-03-04 01:50:53,person,1
2025-03-04 01:50:53,person,1
2025-03-04 01:50:53,person,1
2025-03-04 01:50:53,bottle,1
2025-03-04 01:50:54,person,1
2025-03-04 01:50:54,bottle,1
2025-03-04 01:50:54,person,1
2025-03-04 01:50:54,person,1
2025-03-04 01:50:55,person,1
2025-03-04 01:50:55,bottle,1
2025-03-04 01:50:55,person,1
2025-03-04 01:50:55,bottle,1
2025-03-04 01:50:55,person,1
2025-03-04 01:50:56,person,1
2025-03-04 01:50:56,person,1
2025-03-04 01:50:56,bottle,1
2025-03-04 01:50:56,person,1
2025-03-04 01:50:56,bottle,1
2025-03-04 01:50:57,person,1
2025-03-04 01:50:57,bottle,1
2025-03-04 01:50:57,person,1
2025-03-04 01:50:57,bottle,1
2025-03-04 01:50:57,person,1
2025-03-04 01:50:57,bottle,1
2025-03-04 01:50:58,person,1
2025-03-04 01:50:58,bottle,1
2025-03-04 01:50:58,person,1
2025-03-04 01:50:58,bottle,1
2025-03-04 01:50:59,bottle,1
2025-03-04 01:50:59,person,1
2025-03-04 01:50:59,person,1
2025-03-04 01:50:59,bottle,1
2025-03-04 01:50:59,person,1
2025-03-04 01:50:59,bottle,1
2025-03-04 01:51:00,person,1
2025-03-04 01:51:00,bottle,1
2025-03-04 01:51:00,person,1
2025-03-04 01:51:00,bottle,1
2025-03-04 01:51:00,person,1
2025-03-04 01:51:00,bottle,1
2025-03-04 01:51:01,person,1
2025-03-04 01:51:01,bottle,1
2025-03-04 01:51:01,bottle,1
2025-03-04 01:51:01,person,1
2025-03-04 01:51:01,person,1
2025-03-04 01:51:01,bottle,1
2025-03-04 01:51:02,person,1
2025-03-04 01:51:02,bottle,1
2025-03-04 01:51:02,person,1
2025-03-04 01:51:02,bottle,1
2025-03-04 01:51:02,person,1
2025-03-04 01:51:02,bottle,1
2025-03-04 01:51:03,person,1
2025-03-04 01:51:03,bottle,1
2025-03-04 01:51:03,person,1
2025-03-04 01:51:03,bottle,1
2025-03-04 01:51:03,person,1
2025-03-04 01:51:03,bottle,1
2025-03-04 01:51:04,person,1
2025-03-04 01:51:04,bottle,1
2025-03-04 01:51:04,person,1
2025-03-04 01:51:04,bottle,1
2025-03-04 01:51:04,person,1
2025-03-04 01:51:04,bottle,1
2025-03-04 01:51:05,person,1
2025-03-04 01:51:05,bottle,1
2025-03-04 01:51:05,person,1
2025-03-04 01:51:05,bottle,1
2025-03-04 01:51:05,person,1
2025-03-04 01:51:05,bottle,1
2025-03-04 01:51:06,person,1
2025-03-04 01:51:06,bottle,1
2025-03-04 01:51:06,person,1
2025-03-04 01:51:06,bottle,1
2025-03-04 01:51:06,person,1
2025-03-04 01:51:06,bottle,1
2025-03-04 01:51:07,person,1
2025-03-04 01:51:07,bottle,1
2025-03-04 01:51:07,person,1
2025-03-04 01:51:07,bottle,1
2025-03-04 01:51:08,person,1
2025-03-04 01:51:08,bottle,1
2025-03-04 01:51:08,person,1
2025-03-04 01:51:08,bottle,1
2025-03-04 01:51:08,person,1
2025-03-04 01:51:08,bottle,1
2025-03-04 01:51:08,person,1
2025-03-04 01:51:08,bottle,1
2025-03-04 01:51:09,person,1
2025-03-04 01:51:09,bottle,1
2025-03-04 01:51:10,person,1
2025-03-04 01:51:10,bottle,1
2025-03-04 01:51:10,person,1
2025-03-04 01:51:10,bottle,1
2025-03-04 01:51:11,person,1
2025-03-04 01:51:11,bottle,1
2025-03-04 01:51:11,person,2
2025-03-04 01:51:11,bottle,1
2025-03-04 01:51:12,person,2
2025-03-04 01:51:12,bottle,1
2025-03-04 01:51:13,person,2
2025-03-04 01:51:13,bottle,1
2025-03-04 01:51:14,person,2
2025-03-04 01:51:14,bottle,1
2025-03-04 01:51:14,person,2
2025-03-04 01:51:16,person,2
2025-03-04 01:51:16,person,2
2025-03-04 01:51:16,bottle,1
2025-03-04 01:51:17,person,2
2025-03-04 01:51:17,bottle,1
2025-03-04 01:51:18,person,2
2025-03-04 01:51:18,bottle,1
2025-03-04 01:51:19,person,2
2025-03-04 01:51:19,bottle,1
2025-03-04 01:51:19,person,2
2025-03-04 01:51:19,bottle,1
2025-03-04 01:51:20,person,2
2025-03-04 01:51:20,bottle,1
2025-03-04 01:51:20,person,2
2025-03-04 01:51:20,bottle,1
2025-03-04 01:51:21,person,2
2025-03-04 01:51:21,bottle,1
2025-03-04 01:51:21,person,2
2025-03-04 01:51:21,bottle,1
2025-03-04 01:51:22,person,1
2025-03-04 01:51:22,person,1
2025-03-04 01:51:23,person,1
2025-03-04 01:51:23,person,1
2025-03-04 01:51:23,person,1
2025-03-04 01:51:24,person,1
2025-03-04 01:51:24,person,1
2025-03-04 01:51:25,person,1
2025-03-04 01:51:25,person,1
2025-03-04 01:51:26,person,1
2025-03-04 01:51:26,person,1
2025-03-04 01:51:26,person,1
2025-03-04 10:22:16,person,1
2025-03-04 10:22:17,person,1
2025-03-04 10:22:17,bottle,1
2025-03-04 10:22:18,person,1
2025-03-04 10:22:18,person,1
2025-03-04 10:22:20,person,1
2025-03-04 10:22:21,person,1
2025-03-04 10:22:22,person,1
2025-03-04 10:22:22,person,1
2025-03-04 10:22:22,bird,1
2025-03-04 10:22:23,person,1
2025-03-04 10:22:24,person,2
2025-03-04 10:22:25,person,1
2025-03-04 10:22:25,person,1
2025-03-04 10:22:26,person,1
2025-03-04 10:22:27,person,1
2025-03-04 10:22:27,person,1
2025-03-04 10:22:27,person,1
2025-03-04 10:22:28,person,1
2025-03-04 10:22:28,person,1
2025-03-04 10:22:29,person,2
2025-03-04 10:22:29,person,2
2025-03-04 10:22:29,person,1
2025-03-04 10:22:30,person,1
2025-03-04 10:22:30,person,1
2025-03-04 10:22:30,person,1
2025-03-04 10:22:31,person,1
2025-03-04 10:22:31,person,1
2025-03-04 10:22:32,person,1
2025-03-04 10:22:32,person,2
2025-03-04 10:22:33,person,1
2025-03-04 10:22:33,person,1
2025-03-04 10:22:33,person,1
2025-03-04 10:22:34,person,1
2025-03-04 10:22:34,person,1
2025-03-04 10:22:34,person,1
2025-03-04 10:22:35,person,1
2025-03-04 10:22:35,person,1
2025-03-04 10:22:36,person,1
2025-03-04 10:22:36,person,1
2025-03-04 10:22:37,person,2
2025-03-04 10:22:38,person,2
2025-03-04 10:22:38,person,1
2025-03-04 10:22:38,bottle,1
2025-03-04 10:22:39,person,1
2025-03-04 10:22:39,person,1
2025-03-04 10:22:40,person,1
2025-03-04 10:22:41,person,1
2025-03-04 10:22:41,person,1
2025-03-04 10:22:41,chair,1
2025-03-04 10:22:42,chair,1
2025-03-04 10:22:42,person,1
2025-03-04 10:22:43,person,1
2025-03-04 10:22:44,person,1
2025-03-04 10:22:44,person,1
2025-03-04 10:22:45,person,1
2025-03-04 10:22:45,person,1
2025-03-04 10:22:46,person,2
2025-03-04 10:22:46,person,1
2025-03-04 10:22:47,person,1
2025-03-04 10:22:47,person,1
2025-03-04 10:22:47,person,1
2025-03-04 10:22:48,person,1
2025-03-04 10:22:48,person,1
2025-03-04 10:22:48,person,1
2025-03-04 10:22:49,person,1
2025-03-04 10:22:49,person,2
2025-03-04 10:22:50,person,1
2025-03-04 10:22:50,person,1
2025-03-04 10:22:50,bottle,1
2025-03-04 10:22:51,bottle,1
2025-03-04 10:22:51,pottedplant,1
2025-03-04 10:22:51,bottle,1
2025-03-04 10:22:52,person,1
2025-03-04 10:22:52,sofa,1
2025-03-04 10:22:52,pottedplant,1
2025-03-04 10:22:52,bottle,1
2025-03-04 10:22:53,diningtable,1
2025-03-04 10:22:53,pottedplant,1
2025-03-04 10:22:53,chair,1
2025-03-04 10:22:53,chair,1
2025-03-04 10:22:54,person,1
2025-03-04 10:22:54,bottle,1
2025-03-04 10:22:55,person,1
2025-03-04 10:22:55,person,1
2025-03-04 10:22:55,bottle,1
2025-03-04 10:22:56,person,1
2025-03-04 10:22:56,dog,1
2025-03-04 10:22:56,person,1
2025-03-04 10:22:56,bottle,1
2025-03-04 10:22:57,person,1
2025-03-04 10:22:57,person,1
2025-03-04 10:22:57,bottle,1
2025-03-04 10:22:58,person,1
2025-03-04 10:22:59,person,1
2025-03-04 10:22:59,person,1
2025-03-04 10:22:59,person,1
2025-03-04 10:23:00,person,1
2025-03-04 10:23:00,person,1
2025-03-04 10:23:01,person,1
2025-03-04 10:23:07,person,1
2025-03-04 10:23:08,person,1
2025-03-04 10:23:08,person,1
2025-03-04 10:23:08,person,1
2025-03-04 10:23:09,person,1
2025-03-04 10:23:09,person,1
2025-03-04 10:23:09,bottle,1
2025-03-04 10:23:09,person,1
2025-03-04 10:23:09,bottle,1
2025-03-04 10:23:10,person,1
2025-03-04 10:23:10,bottle,1
2025-03-04 10:23:10,person,1
2025-03-04 10:23:10,person,1
2025-03-04 10:23:11,person,1
2025-03-04 10:23:11,person,1
2025-03-04 10:23:11,person,1
2025-03-04 10:23:11,bottle,1
2025-03-04 10:23:12,bottle,1
2025-03-04 10:23:12,person,1
2025-03-04 10:23:12,person,1
2025-03-04 10:23:12,person,1
2025-03-04 10:23:13,person,1
2025-03-04 10:23:13,person,1
2025-03-04 10:23:13,person,1
2025-03-04 10:23:14,person,1
2025-03-04 12:49:57,person,1
2025-03-04 12:49:57,person,1
2025-03-04 12:49:57,sofa,1
2025-03-04 12:49:58,person,1
2025-03-04 12:49:58,sofa,1
2025-03-04 12:49:58,person,1
2025-03-04 12:49:58,sofa,1
2025-03-04 12:49:58,person,1
2025-03-04 12:49:58,sofa,1
2025-03-04 12:49:59,person,1
2025-03-04 12:49:59,sofa,1
2025-03-04 12:49:59,person,1
2025-03-04 12:49:59,sofa,1
2025-03-04 12:49:59,person,1
2025-03-04 12:49:59,person,1
2025-03-04 12:50:00,person,1
2025-03-04 12:50:00,person,1
2025-03-04 12:50:00,person,1
2025-03-04 12:50:00,sofa,1
2025-03-04 12:50:01,person,1
2025-03-04 12:50:01,sofa,1
2025-03-04 12:50:01,person,1
2025-03-04 12:50:01,sofa,1
2025-03-04 12:50:01,pottedplant,1
2025-03-04 12:50:01,person,1
2025-03-04 12:50:01,sofa,1
2025-03-04 12:50:01,pottedplant,1
2025-03-04 12:50:01,person,1
2025-03-04 12:50:01,sofa,1
2025-03-04 12:50:01,pottedplant,1
2025-03-04 12:50:02,person,1
2025-03-04 12:50:02,sofa,1
2025-03-04 12:50:02,pottedplant,1
2025-03-04 12:50:02,sofa,1
2025-03-04 12:50:02,person,1
2025-03-04 12:50:02,pottedplant,1
2025-03-04 12:50:02,sofa,1
2025-03-04 12:50:02,person,1
2025-03-04 12:50:02,pottedplant,1
2025-03-04 12:50:02,person,1
2025-03-04 12:50:02,sofa,1
2025-03-04 12:50:03,person,1
2025-03-04 12:50:03,sofa,1
2025-03-04 12:50:03,person,1
2025-03-04 12:50:03,sofa,1
2025-03-04 12:50:03,person,1
2025-03-04 12:50:03,sofa,1
2025-03-04 12:50:04,person,1
2025-03-04 12:50:04,sofa,1
2025-03-04 12:50:04,person,1
2025-03-04 12:50:04,person,1
2025-03-04 12:50:04,person,1
2025-03-04 12:50:05,sofa,1
2025-03-04 12:50:05,person,1
2025-03-04 12:50:05,person,1
2025-03-04 12:50:05,sofa,1
2025-03-04 12:50:05,person,1
2025-03-04 12:50:05,sofa,1
2025-03-04 12:50:06,person,1
2025-03-04 12:50:06,sofa,1
2025-03-04 12:50:06,person,1
2025-03-04 12:50:06,person,1
2025-03-04 12:50:06,sofa,1
2025-03-04 12:50:06,sofa,1
2025-03-04 12:50:06,person,1
2025-03-04 12:50:07,sofa,1
2025-03-04 12:50:07,person,1
2025-03-04 12:50:07,person,1
2025-03-04 12:50:07,sofa,1
2025-03-04 12:50:07,person,1
2025-03-04 12:50:07,sofa,1
2025-03-04 12:50:07,person,1
2025-03-04 12:50:08,person,1
2025-03-04 12:50:08,person,1
2025-03-04 12:50:08,sofa,1
2025-03-04 12:50:08,person,1
2025-03-04 12:50:08,sofa,1
2025-03-04 12:50:09,person,1
2025-03-04 12:50:09,sofa,1
2025-03-04 12:50:09,person,1
2025-03-04 12:50:09,sofa,1
2025-03-04 12:50:09,person,1
2025-03-04 12:50:09,sofa,1
2025-03-04 12:50:09,person,1
2025-03-04 12:50:09,sofa,1
2025-03-04 12:50:10,person,1
2025-03-04 12:50:10,sofa,1
2025-03-04 12:50:10,person,1
2025-03-04 12:50:10,sofa,1
2025-03-04 12:50:10,person,1
2025-03-04 12:50:10,sofa,1
2025-03-04 12:50:10,person,1
2025-03-04 12:50:10,sofa,1
2025-03-04 12:50:11,person,1
2025-03-04 12:50:11,sofa,1
2025-03-04 12:50:11,person,1
2025-03-04 12:50:11,sofa,1
2025-03-04 12:50:11,person,1
2025-03-04 12:50:11,sofa,1
2025-03-04 12:50:12,person,1
2025-03-04 12:50:12,sofa,1
2025-03-04 12:50:12,person,1
2025-03-04 12:50:12,sofa,1
2025-03-04 12:50:12,person,1
2025-03-04 12:50:12,sofa,1
2025-03-04 12:50:12,person,1
2025-03-04 12:50:12,sofa,1
2025-03-04 12:50:13,person,1
2025-03-04 12:50:13,sofa,1
2025-03-04 12:50:13,person,1
2025-03-04 12:50:13,sofa,1
2025-03-04 12:50:13,person,1
2025-03-04 12:50:13,sofa,1
2025-03-04 12:50:14,person,1
2025-03-04 12:50:14,sofa,1
2025-03-04 12:50:14,person,1
2025-03-04 12:50:14,sofa,1
2025-03-04 12:50:14,person,1
2025-03-04 12:50:14,sofa,1
2025-03-04 12:50:14,person,1
2025-03-04 12:50:14,sofa,1
2025-03-04 12:50:15,person,1
2025-03-04 12:50:15,sofa,1
2025-03-04 12:50:15,person,1
2025-03-04 12:50:15,sofa,1
2025-03-04 12:50:15,person,1
2025-03-04 12:50:15,sofa,1
2025-03-04 12:50:16,person,1
2025-03-04 12:50:16,sofa,1
2025-03-04 12:50:16,person,1
2025-03-04 12:50:16,sofa,1
2025-03-04 12:50:16,person,1
2025-03-04 12:50:16,sofa,1
2025-03-04 12:50:16,person,1
2025-03-04 12:50:16,sofa,1
2025-03-04 12:50:17,person,1
2025-03-04 12:50:17,sofa,1
2025-03-04 12:50:17,person,1
2025-03-04 12:50:17,sofa,1
2025-03-04 12:50:17,person,1
2025-03-04 12:50:17,sofa,1
2025-03-04 12:50:18,person,1
2025-03-04 12:50:18,sofa,1
2025-03-04 12:50:18,person,1
2025-03-04 12:50:18,sofa,1
2025-03-04 12:50:18,person,1
2025-03-04 12:50:18,sofa,1
2025-03-04 12:50:18,person,1
2025-03-04 12:50:18,sofa,1
2025-03-04 12:50:19,person,1
2025-03-04 12:50:19,sofa,1
2025-03-04 12:50:19,person,1
2025-03-04 12:50:19,sofa,1
2025-03-04 12:50:19,person,1
2025-03-04 12:50:19,sofa,1
2025-03-04 12:50:19,person,1
2025-03-04 12:50:19,sofa,1
2025-03-04 12:50:20,person,1
2025-03-04 12:50:20,sofa,1
2025-03-04 12:50:20,person,1
2025-03-04 12:50:20,sofa,1
2025-03-04 12:50:20,person,1
2025-03-04 12:50:20,sofa,1
2025-03-04 12:50:21,person,1
2025-03-04 12:50:21,sofa,1
2025-03-04 12:50:21,person,1
2025-03-04 12:50:21,sofa,1
2025-03-04 12:50:21,person,1
2025-03-04 12:50:21,sofa,1
2025-03-04 12:50:21,person,1
2025-03-04 12:50:21,sofa,1
2025-03-04 12:50:22,person,1
2025-03-04 12:50:22,sofa,1
2025-03-04 12:50:22,person,1
2025-03-04 12:50:22,sofa,1
2025-03-04 12:50:22,person,1
2025-03-04 12:50:22,sofa,1
2025-03-04 12:50:23,person,1
2025-03-04 12:50:23,sofa,1
2025-03-04 12:50:23,person,1
2025-03-04 12:50:23,sofa,1
2025-03-04 12:50:23,person,1
2025-03-04 12:50:23,sofa,1
2025-03-04 12:50:23,person,1
2025-03-04 12:50:23,sofa,1
2025-03-04 12:50:24,person,1
2025-03-04 12:50:24,sofa,1
2025-03-04 12:50:24,person,1
2025-03-04 12:50:24,sofa,1
2025-03-04 12:50:24,person,1
2025-03-04 12:50:24,sofa,1
2025-03-04 12:50:24,person,1
2025-03-04 12:50:24,sofa,1
2025-03-04 12:50:25,person,1
2025-03-04 12:50:25,sofa,1
2025-03-04 12:50:25,person,1
2025-03-04 12:50:25,sofa,1
2025-03-04 12:50:25,sofa,1
2025-03-04 12:50:25,person,1
2025-03-04 12:50:26,sofa,1
2025-03-04 12:50:26,person,1
2025-03-04 12:50:26,sofa,1
2025-03-04 12:50:26,person,1
2025-03-04 12:50:26,sofa,1
2025-03-04 12:50:26,person,1
2025-03-04 12:50:26,sofa,1
2025-03-04 12:50:26,person,1
2025-03-04 12:50:27,sofa,1
2025-03-04 12:50:27,person,1
2025-03-04 12:50:27,person,1
2025-03-04 12:50:27,sofa,1
2025-03-04 12:50:27,person,1
2025-03-04 12:50:27,sofa,1
2025-03-04 12:50:28,person,1
2025-03-04 12:50:28,sofa,1
2025-03-04 12:50:28,person,1
2025-03-04 12:50:28,sofa,1
2025-03-04 12:50:28,person,1
2025-03-04 12:50:28,sofa,1
2025-03-04 12:50:28,person,1
2025-03-04 12:50:28,sofa,1
2025-03-04 12:50:29,person,1
2025-03-04 12:50:29,sofa,1
2025-03-04 12:50:29,person,1
2025-03-04 12:50:29,sofa,1
2025-03-04 12:50:29,person,1
2025-03-04 12:50:30,person,1
2025-03-04 12:50:30,sofa,1
2025-03-04 12:50:30,person,1
2025-03-04 12:50:30,sofa,1
2025-03-04 12:50:30,person,1
2025-03-04 12:50:30,sofa,1
2025-03-04 12:50:30,person,1
2025-03-04 12:50:30,sofa,1
2025-03-04 12:50:31,person,1
2025-03-04 12:50:31,sofa,1
2025-03-04 12:50:31,person,1
2025-03-04 12:50:31,sofa,1
2025-03-04 12:50:31,person,1
2025-03-04 12:50:31,sofa,1
2025-03-04 12:50:32,person,1
2025-03-04 12:50:32,sofa,1
2025-03-04 12:50:32,person,1
2025-03-04 12:50:32,sofa,1
2025-03-04 12:50:32,person,1
2025-03-04 12:50:32,sofa,1
2025-03-04 12:50:32,person,1
2025-03-04 12:50:32,sofa,1
2025-03-04 12:50:33,person,1
2025-03-04 12:50:33,sofa,1
2025-03-04 12:50:33,person,1
2025-03-04 12:50:33,sofa,1
2025-03-04 12:50:33,person,1
2025-03-04 12:50:33,sofa,1
2025-03-04 12:50:34,person,1
2025-03-04 12:50:34,sofa,1
2025-03-04 12:50:34,person,1
2025-03-04 12:50:34,sofa,1
2025-03-04 12:50:34,person,1
2025-03-04 12:50:34,sofa,1
2025-03-04 12:50:34,person,1
2025-03-04 12:50:35,sofa,1
2025-03-04 12:50:35,person,1
2025-03-04 12:50:35,sofa,1
2025-03-04 12:50:35,person,1
2025-03-04 12:50:35,sofa,1
2025-03-04 12:50:35,person,1
2025-03-04 12:50:35,sofa,1
2025-03-04 12:50:35,person,1
2025-03-04 12:50:36,sofa,1
2025-03-04 12:50:36,person,1
2025-03-04 12:50:36,person,1
2025-03-04 12:50:36,sofa,1
2025-03-04 12:50:36,sofa,1
2025-03-04 12:50:36,person,1
2025-03-04 12:50:37,sofa,1
2025-03-04 12:50:37,person,1
2025-03-04 12:50:37,person,1
2025-03-04 12:50:37,person,2
2025-03-04 12:50:38,person,2
2025-03-04 12:50:38,person,1
2025-03-04 12:50:39,person,2
2025-03-04 12:50:39,person,2
2025-03-04 12:50:40,person,2
2025-03-04 12:50:40,person,2
2025-03-04 12:50:40,bottle,1
2025-03-04 12:50:41,person,2
2025-03-04 12:50:41,person,2
2025-03-04 12:50:42,person,2
2025-03-04 12:50:42,person,3
2025-03-04 12:50:43,person,2
2025-03-04 12:50:43,person,2
2025-03-04 12:50:44,person,2
2025-03-04 12:50:44,person,2
2025-03-04 12:50:45,person,2
2025-03-04 12:50:45,person,2
2025-03-04 12:50:46,person,2
2025-03-04 12:50:46,person,2
2025-03-04 12:50:47,person,2
2025-03-04 12:50:47,person,1
2025-03-04 12:50:47,person,1
2025-03-04 12:50:48,person,1
2025-03-04 12:50:48,person,1
2025-03-04 12:50:48,sofa,1
2025-03-04 12:50:48,person,1
2025-03-04 12:50:49,sofa,1
2025-03-04 12:50:49,person,1
2025-03-04 12:50:49,sofa,1
2025-03-04 12:50:49,person,1
2025-03-04 12:50:49,sofa,1
2025-03-04 12:50:49,person,1
2025-03-04 12:50:49,person,1
2025-03-04 12:50:49,sofa,1
2025-03-04 12:50:50,person,1
2025-03-04 12:50:50,sofa,1
2025-03-04 12:50:50,person,1
2025-03-04 12:50:50,sofa,1
2025-03-04 12:50:50,person,1
2025-03-04 12:50:50,sofa,1
2025-03-04 12:50:51,person,1
2025-03-04 12:50:51,sofa,1
2025-03-04 12:50:51,person,1
2025-03-04 12:50:51,sofa,1
2025-03-04 12:50:51,person,1
2025-03-04 12:50:51,person,1
2025-03-04 12:50:52,person,1
2025-03-04 12:50:52,person,1
2025-03-04 12:50:52,person,1
2025-03-04 12:50:52,person,1
2025-03-04 12:50:53,person,1
2025-03-04 12:50:53,person,1
2025-03-04 12:50:53,sofa,1
2025-03-04 12:50:53,person,1
2025-03-04 12:50:53,sofa,1
2025-03-04 12:50:54,person,1
2025-03-04 12:50:54,sofa,2
2025-03-04 12:50:54,sofa,1
2025-03-04 12:50:54,person,1
2025-03-04 12:50:54,person,1
2025-03-04 12:50:54,person,1
2025-03-04 12:50:55,person,1
2025-03-04 12:50:55,person,1
2025-03-04 12:50:55,sofa,1
2025-03-04 12:50:55,bottle,1
2025-03-04 12:50:55,person,1
2025-03-04 12:50:56,person,1
2025-03-04 12:50:56,sofa,1
2025-03-04 12:50:56,person,1
2025-03-04 12:50:56,sofa,1
2025-03-04 12:50:56,person,1
2025-03-04 12:50:56,sofa,1
2025-03-04 12:50:56,person,1
2025-03-04 12:50:56,sofa,1
2025-03-04 12:50:57,person,1
2025-03-04 12:50:57,person,1
2025-03-04 12:50:57,person,1
2025-03-04 12:50:57,sofa,1
2025-03-04 12:50:58,person,1
2025-03-04 12:50:58,sofa,1
2025-03-04 12:50:58,person,1
2025-03-04 12:50:58,sofa,1
2025-03-04 12:50:58,person,1
2025-03-04 12:50:58,sofa,1
2025-03-04 12:50:58,person,1
2025-03-04 12:50:58,sofa,1
2025-03-04 12:50:59,person,2
2025-03-04 12:50:59,sofa,1
2025-03-04 12:50:59,person,1
2025-03-04 12:50:59,sofa,1
2025-03-04 12:50:59,person,1
2025-03-04 12:50:59,sofa,1
2025-03-04 12:51:00,person,1
2025-03-04 12:51:00,sofa,1
2025-03-04 12:51:00,person,1
2025-03-04 12:51:00,sofa,1
2025-03-04 12:51:00,person,1
2025-03-04 12:51:00,sofa,1
2025-03-04 12:51:01,person,1
2025-03-04 12:51:01,sofa,1
2025-03-04 12:51:01,person,1
2025-03-04 12:51:01,sofa,1
2025-03-04 12:51:01,person,1
2025-03-04 12:51:01,sofa,1
2025-03-04 12:51:01,person,1
2025-03-04 12:51:01,sofa,1
2025-03-04 12:51:02,person,1
2025-03-04 12:51:02,sofa,1
2025-03-04 12:51:02,person,1
2025-03-04 12:51:02,sofa,1
2025-03-04 12:51:02,person,1
2025-03-04 12:51:02,sofa,1
2025-03-04 12:51:02,person,1
2025-03-04 12:51:02,sofa,1
2025-03-04 12:51:03,person,1
2025-03-04 12:51:03,sofa,1
2025-03-04 12:51:03,person,1
2025-03-04 12:51:03,sofa,1
2025-03-04 12:51:03,person,1
2025-03-04 12:51:03,sofa,1
2025-03-04 12:51:04,person,1
2025-03-04 12:51:04,sofa,1
2025-03-04 12:51:04,person,1
2025-03-04 12:51:04,sofa,1
2025-03-04 12:51:04,person,1
2025-03-04 12:51:04,sofa,1
2025-03-04 12:51:04,person,1
2025-03-04 12:51:04,sofa,1
2025-03-04 12:51:05,person,1
2025-03-04 12:51:05,sofa,1
2025-03-04 12:51:05,person,1
2025-03-04 12:51:05,sofa,1
2025-03-04 12:51:05,person,1
2025-03-04 12:51:05,sofa,1
2025-03-04 12:51:06,person,1
2025-03-04 12:51:06,sofa,1
2025-03-04 12:51:06,person,1
2025-03-04 12:51:06,sofa,1
2025-03-04 12:51:06,person,1
2025-03-04 12:51:06,sofa,1
2025-03-04 12:51:06,person,1
2025-03-04 12:51:06,sofa,1
2025-03-04 12:51:07,person,2
2025-03-04 12:51:07,sofa,1
2025-03-04 12:51:07,person,1
2025-03-04 12:51:07,sofa,1
2025-03-04 12:51:07,person,1
2025-03-04 12:51:07,sofa,1
2025-03-04 12:51:08,person,1
2025-03-04 12:51:08,sofa,1
2025-03-04 12:51:08,person,1
2025-03-04 12:51:08,sofa,1
2025-03-04 12:51:08,person,1
2025-03-04 12:51:08,sofa,1
2025-03-04 12:51:08,person,1
2025-03-04 12:51:08,sofa,1
2025-03-04 12:51:09,person,1
2025-03-04 12:51:09,sofa,1
2025-03-04 12:51:09,person,1
2025-03-04 12:51:09,sofa,1
2025-03-04 12:51:09,person,1
2025-03-04 12:51:09,sofa,1
2025-03-04 12:51:10,person,1
2025-03-04 12:51:10,sofa,1
2025-03-04 12:51:10,person,1
2025-03-04 12:51:10,sofa,1
2025-03-04 12:51:10,person,1
2025-03-04 12:51:10,sofa,1
2025-03-04 12:51:10,person,1
2025-03-04 12:51:10,sofa,1
2025-03-04 12:51:11,person,1
2025-03-04 12:51:11,sofa,1
2025-03-04 12:51:11,person,1
2025-03-04 12:51:11,sofa,1
2025-03-04 12:51:11,person,1
2025-03-04 12:51:11,sofa,1
2025-03-04 12:51:12,person,1
2025-03-04 12:51:12,sofa,1
2025-03-04 12:51:12,person,1
2025-03-04 12:51:12,sofa,1
2025-03-04 12:51:12,person,1
2025-03-04 12:51:12,sofa,1
2025-03-04 12:51:12,person,1
2025-03-04 12:51:12,sofa,1
2025-03-04 12:51:13,person,1
2025-03-04 12:51:13,sofa,1
2025-03-04 12:51:13,person,1
2025-03-04 12:51:13,sofa,1
2025-03-04 12:51:13,person,1
2025-03-04 12:51:13,sofa,1
2025-03-04 12:51:13,person,1
2025-03-04 12:51:13,sofa,1
2025-03-04 12:51:14,person,1
2025-03-04 12:51:14,sofa,1
2025-03-04 12:51:14,person,1
2025-03-04 12:51:14,sofa,1
2025-03-04 12:51:14,person,1
2025-03-04 12:51:14,sofa,1
2025-03-04 12:51:15,person,1
2025-03-04 12:51:15,sofa,1
2025-03-04 12:51:15,person,1
2025-03-04 12:51:15,sofa,1
2025-03-04 12:51:15,person,1
2025-03-04 12:51:15,sofa,1
2025-03-04 12:51:15,person,1
2025-03-04 12:51:15,sofa,1
2025-03-04 12:51:16,person,1
2025-03-04 12:51:16,sofa,1
2025-03-04 12:51:16,person,1
2025-03-04 12:51:16,sofa,1
2025-03-04 12:51:16,person,1
2025-03-04 12:51:16,sofa,1
2025-03-04 12:51:17,person,1
2025-03-04 12:51:17,sofa,1
2025-03-04 12:51:17,person,1
2025-03-04 12:51:17,sofa,1
2025-03-04 12:51:17,person,1
2025-03-04 12:51:17,sofa,1
2025-03-04 12:51:17,person,1
2025-03-04 12:51:17,sofa,1
2025-03-04 12:51:18,person,1
2025-03-04 12:51:18,sofa,1
2025-03-04 12:51:18,person,1
2025-03-04 12:51:18,sofa,1
2025-03-04 12:51:18,person,1
2025-03-04 12:51:18,sofa,1
2025-03-04 12:51:18,person,1
2025-03-04 12:51:18,sofa,1
2025-03-04 12:51:19,person,1
2025-03-04 12:51:19,sofa,1
2025-03-04 12:51:19,person,1
2025-03-04 12:51:19,sofa,1
2025-03-04 12:51:19,person,1
2025-03-04 12:51:19,sofa,1
2025-03-04 12:51:20,person,1
2025-03-04 12:51:20,sofa,1
2025-03-04 12:51:20,person,1
2025-03-04 12:51:20,sofa,1
2025-03-04 12:51:20,person,1
2025-03-04 12:51:20,sofa,1
2025-03-04 12:51:20,person,1
2025-03-04 12:51:20,sofa,1
2025-03-04 12:51:21,person,1
2025-03-04 12:51:21,sofa,1
2025-03-04 12:51:21,person,1
2025-03-04 12:51:21,sofa,1
2025-03-04 12:51:21,person,1
2025-03-04 12:51:21,sofa,1
2025-03-04 12:51:22,person,1
2025-03-04 12:51:22,sofa,1
2025-03-04 12:51:22,person,1
2025-03-04 12:51:22,sofa,1
2025-03-04 12:51:22,person,1
2025-03-04 12:51:22,sofa,1
2025-03-04 12:51:22,person,1
2025-03-04 12:51:22,sofa,1
2025-03-04 12:51:23,person,1
2025-03-04 12:51:23,sofa,1
2025-03-04 12:51:23,person,1
2025-03-04 12:51:23,sofa,1
2025-03-04 12:51:23,person,1
2025-03-04 12:51:23,sofa,1
2025-03-04 12:51:23,person,1
2025-03-04 12:51:23,sofa,1
2025-03-04 12:51:24,person,1
2025-03-04 12:51:24,sofa,1
2025-03-04 12:51:24,person,1
2025-03-04 12:51:24,sofa,1
2025-03-04 12:51:24,person,1
2025-03-04 12:51:24,sofa,1
2025-03-04 12:51:25,person,1
2025-03-04 12:51:25,sofa,1
2025-03-04 12:51:25,person,1
2025-03-04 12:51:25,sofa,1
2025-03-04 12:51:25,person,1
2025-03-04 12:51:25,sofa,1
2025-03-04 12:51:25,person,1
2025-03-04 12:51:26,person,1
2025-03-04 12:51:26,sofa,1
2025-03-04 12:51:26,person,1
2025-03-04 12:51:26,sofa,1
2025-03-04 12:51:26,person,1
2025-03-04 12:51:27,person,1
2025-03-04 12:51:27,person,1
2025-03-04 12:51:27,sofa,1
2025-03-04 12:51:27,person,1
2025-03-04 12:51:27,sofa,1
2025-03-04 12:51:27,person,1
2025-03-04 12:51:27,sofa,1
2025-03-04 12:51:28,person,1
2025-03-04 12:51:28,sofa,1
2025-03-04 12:51:28,person,1
2025-03-04 12:51:28,sofa,1
2025-03-04 12:51:28,person,1
2025-03-04 12:51:29,person,1
2025-03-04 12:51:29,person,1
2025-03-04 12:51:29,person,1
2025-03-04 12:51:30,person,1
2025-03-04 12:51:30,person,1
2025-03-04 12:51:30,person,1
2025-03-04 12:51:30,person,1
2025-03-04 12:51:31,person,1
2025-03-04 12:51:31,person,1
2025-03-04 12:51:31,sofa,1
2025-03-04 12:51:31,person,1
2025-03-04 12:51:31,sofa,1
2025-03-04 12:51:31,sofa,1
2025-03-04 12:51:31,sofa,1
2025-03-04 12:51:31,pottedplant,1
2025-03-04 12:51:31,sofa,1
2025-03-04 12:51:31,pottedplant,1
2025-03-04 12:51:31,sofa,1
2025-03-04 12:51:31,sofa,1
2025-03-04 12:51:32,sofa,1
2025-03-04 12:51:32,sofa,1
2025-03-04 12:51:32,person,1
2025-03-04 12:51:32,person,1
2025-03-04 12:51:32,person,1
2025-03-04 12:51:33,person,1
2025-03-04 12:51:33,sofa,1
2025-03-04 12:51:33,sofa,1
2025-03-04 12:51:33,person,1
2025-03-04 12:51:33,person,1
2025-03-04 12:51:33,sofa,1
2025-03-04 12:51:34,sofa,1
2025-03-04 12:51:34,person,1
2025-03-04 12:51:34,person,1
2025-03-04 12:51:34,bottle,1
2025-03-04 12:51:34,sofa,1
2025-03-04 12:51:34,person,1
2025-03-04 12:51:34,person,1
2025-03-04 12:51:35,person,1
2025-03-04 12:51:35,sofa,1
2025-03-04 12:51:35,person,1
2025-03-04 12:51:35,sofa,1
2025-03-04 12:51:35,person,1
2025-03-04 12:51:36,person,1
2025-03-04 12:51:36,sofa,1
2025-03-04 12:51:36,person,1
2025-03-04 12:51:36,sofa,1
2025-03-04 12:51:36,person,1
2025-03-04 12:51:36,person,1
2025-03-04 12:51:37,person,1
2025-03-04 12:51:37,person,1
2025-03-04 12:51:37,person,1
2025-03-04 12:51:37,person,1
2025-03-04 12:51:38,person,1
2025-03-04 12:51:38,person,1
2025-03-04 12:51:38,person,1
